"group1","variable","variable_level","context","stat_name","stat"
"Placebo","BASE","ALB","descriptive","N",727
"Placebo","BASE","ALB","descriptive","mean",39.7826685006878
"Placebo","BASE","ALB","descriptive","sd",2.64410087805245
"Placebo","BASE","ALB","descriptive","median",40
"Placebo","BASE","ALB","descriptive","min",34
"Placebo","BASE","ALB","descriptive","max",46
"Placebo","BASE","ALP","descriptive","N",732
"Placebo","BASE","ALP","descriptive","mean",73.7827868852459
"Placebo","BASE","ALP","descriptive","sd",43.6601485095097
"Placebo","BASE","ALP","descriptive","median",68
"Placebo","BASE","ALP","descriptive","min",28
"Placebo","BASE","ALP","descriptive","max",565
"Placebo","BASE","ALT","descriptive","N",727
"Placebo","BASE","ALT","descriptive","mean",17.6478679504814
"Placebo","BASE","ALT","descriptive","sd",8.10025457846742
"Placebo","BASE","ALT","descriptive","median",15
"Placebo","BASE","ALT","descriptive","min",7
"Placebo","BASE","ALT","descriptive","max",55
"Placebo","BASE","AST","descriptive","N",727
"Placebo","BASE","AST","descriptive","mean",23.2902338376891
"Placebo","BASE","AST","descriptive","sd",6.47242090058972
"Placebo","BASE","AST","descriptive","median",23
"Placebo","BASE","AST","descriptive","min",12
"Placebo","BASE","AST","descriptive","max",54
"Placebo","BASE","BASO","descriptive","N",726
"Placebo","BASE","BASO","descriptive","mean",0.0534710743801653
"Placebo","BASE","BASO","descriptive","sd",0.0372364836400888
"Placebo","BASE","BASO","descriptive","median",0.05
"Placebo","BASE","BASO","descriptive","min",0
"Placebo","BASE","BASO","descriptive","max",0.23
"Placebo","BASE","BILI","descriptive","N",727
"Placebo","BASE","BILI","descriptive","mean",9.72371389270977
"Placebo","BASE","BILI","descriptive","sd",3.92477585689238
"Placebo","BASE","BILI","descriptive","median",8.55
"Placebo","BASE","BILI","descriptive","min",5.13
"Placebo","BASE","BILI","descriptive","max",27.36
"Placebo","BASE","BUN","descriptive","N",733
"Placebo","BASE","BUN","descriptive","mean",5.66914051841746
"Placebo","BASE","BUN","descriptive","sd",1.40906336974402
"Placebo","BASE","BUN","descriptive","median",5.712
"Placebo","BASE","BUN","descriptive","min",3.213
"Placebo","BASE","BUN","descriptive","max",9.282
"Placebo","BASE","CA","descriptive","N",733
"Placebo","BASE","CA","descriptive","mean",2.30499877216917
"Placebo","BASE","CA","descriptive","sd",0.090173354402056
"Placebo","BASE","CA","descriptive","median",2.2954
"Placebo","BASE","CA","descriptive","min",2.02095
"Placebo","BASE","CA","descriptive","max",2.495
"Placebo","BASE","CHOL","descriptive","N",733
"Placebo","BASE","CHOL","descriptive","mean",5.75591386084584
"Placebo","BASE","CHOL","descriptive","sd",1.05536941699164
"Placebo","BASE","CHOL","descriptive","median",5.63748
"Placebo","BASE","CHOL","descriptive","min",3.7497
"Placebo","BASE","CHOL","descriptive","max",10.26642
"Placebo","BASE","CK","descriptive","N",727
"Placebo","BASE","CK","descriptive","mean",87.9821182943604
"Placebo","BASE","CK","descriptive","sd",41.6648831718214
"Placebo","BASE","CK","descriptive","median",83
"Placebo","BASE","CK","descriptive","min",27
"Placebo","BASE","CK","descriptive","max",214
"Placebo","BASE","CL","descriptive","N",731
"Placebo","BASE","CL","descriptive","mean",105.504787961696
"Placebo","BASE","CL","descriptive","sd",3.49573776526091
"Placebo","BASE","CL","descriptive","median",106
"Placebo","BASE","CL","descriptive","min",96
"Placebo","BASE","CL","descriptive","max",113
"Placebo","BASE","CREAT","descriptive","N",733
"Placebo","BASE","CREAT","descriptive","mean",98.4821828103683
"Placebo","BASE","CREAT","descriptive","sd",18.3045742330102
"Placebo","BASE","CREAT","descriptive","median",97.24
"Placebo","BASE","CREAT","descriptive","min",61.88
"Placebo","BASE","CREAT","descriptive","max",159.12
"Placebo","BASE","EOS","descriptive","N",726
"Placebo","BASE","EOS","descriptive","mean",0.150399449035813
"Placebo","BASE","EOS","descriptive","sd",0.131999917240202
"Placebo","BASE","EOS","descriptive","median",0.11
"Placebo","BASE","EOS","descriptive","min",0
"Placebo","BASE","EOS","descriptive","max",0.56
"Placebo","BASE","GGT","descriptive","N",733
"Placebo","BASE","GGT","descriptive","mean",22.699863574352
"Placebo","BASE","GGT","descriptive","sd",35.3167936721598
"Placebo","BASE","GGT","descriptive","median",16
"Placebo","BASE","GGT","descriptive","min",5
"Placebo","BASE","GGT","descriptive","max",466
"Placebo","BASE","GLUC","descriptive","N",727
"Placebo","BASE","GLUC","descriptive","mean",5.53847779917469
"Placebo","BASE","GLUC","descriptive","sd",1.67117578919707
"Placebo","BASE","GLUC","descriptive","median",5.05141
"Placebo","BASE","GLUC","descriptive","min",3.83019
"Placebo","BASE","GLUC","descriptive","max",15.43178
"Placebo","BASE","HCT","descriptive","N",720
"Placebo","BASE","HCT","descriptive","mean",0.416625
"Placebo","BASE","HCT","descriptive","sd",0.0371872446988116
"Placebo","BASE","HCT","descriptive","median",0.42
"Placebo","BASE","HCT","descriptive","min",0.32
"Placebo","BASE","HCT","descriptive","max",0.51
"Placebo","BASE","HGB","descriptive","N",726
"Placebo","BASE","HGB","descriptive","mean",8.57547815426997
"Placebo","BASE","HGB","descriptive","sd",0.809653552147632
"Placebo","BASE","HGB","descriptive","median",8.62634
"Placebo","BASE","HGB","descriptive","min",6.39218
"Placebo","BASE","HGB","descriptive","max",10.42608
"Placebo","BASE","K","descriptive","N",730
"Placebo","BASE","K","descriptive","mean",4.22287671232877
"Placebo","BASE","K","descriptive","sd",0.429770026396243
"Placebo","BASE","K","descriptive","median",4.2
"Placebo","BASE","K","descriptive","min",3.5
"Placebo","BASE","K","descriptive","max",5.7
"Placebo","BASE","LYM","descriptive","N",726
"Placebo","BASE","LYM","descriptive","mean",1.77646005509642
"Placebo","BASE","LYM","descriptive","sd",0.59861679912554
"Placebo","BASE","LYM","descriptive","median",1.73
"Placebo","BASE","LYM","descriptive","min",0.67
"Placebo","BASE","LYM","descriptive","max",3.94
"Placebo","BASE","MCH","descriptive","N",726
"Placebo","BASE","MCH","descriptive","mean",1.90770388429752
"Placebo","BASE","MCH","descriptive","sd",0.114683339233382
"Placebo","BASE","MCH","descriptive","median",1.92386
"Placebo","BASE","MCH","descriptive","min",1.67562
"Placebo","BASE","MCH","descriptive","max",2.1721
"Placebo","BASE","MCHC","descriptive","N",720
"Placebo","BASE","MCHC","descriptive","mean",20.6375358333333
"Placebo","BASE","MCHC","descriptive","sd",0.81581810692216
"Placebo","BASE","MCHC","descriptive","median",20.4798
"Placebo","BASE","MCHC","descriptive","min",19.2386
"Placebo","BASE","MCHC","descriptive","max",22.3416
"Placebo","BASE","MCV","descriptive","N",720
"Placebo","BASE","MCV","descriptive","mean",92.4138888888889
"Placebo","BASE","MCV","descriptive","sd",5.66651599243354
"Placebo","BASE","MCV","descriptive","median",92
"Placebo","BASE","MCV","descriptive","min",80
"Placebo","BASE","MCV","descriptive","max",109
"Placebo","BASE","MONO","descriptive","N",726
"Placebo","BASE","MONO","descriptive","mean",0.431859504132231
"Placebo","BASE","MONO","descriptive","sd",0.134305825325797
"Placebo","BASE","MONO","descriptive","median",0.41
"Placebo","BASE","MONO","descriptive","min",0.22
"Placebo","BASE","MONO","descriptive","max",0.73
"Placebo","BASE","PH","descriptive","N",337
"Placebo","BASE","PH","descriptive","mean",5.32937685459941
"Placebo","BASE","PH","descriptive","sd",0.623066459468873
"Placebo","BASE","PH","descriptive","median",5
"Placebo","BASE","PH","descriptive","min",5
"Placebo","BASE","PH","descriptive","max",8
"Placebo","BASE","PHOS","descriptive","N",732
"Placebo","BASE","PHOS","descriptive","mean",1.14117800546448
"Placebo","BASE","PHOS","descriptive","sd",0.136340593720847
"Placebo","BASE","PHOS","descriptive","median",1.13015
"Placebo","BASE","PHOS","descriptive","min",0.80725
"Placebo","BASE","PHOS","descriptive","max",1.45305
"Placebo","BASE","PLAT","descriptive","N",722
"Placebo","BASE","PLAT","descriptive","mean",252.652354570637
"Placebo","BASE","PLAT","descriptive","sd",62.0124114126002
"Placebo","BASE","PLAT","descriptive","median",246
"Placebo","BASE","PLAT","descriptive","min",147
"Placebo","BASE","PLAT","descriptive","max",495
"Placebo","BASE","POLYCHR","descriptive","N",4
"Placebo","BASE","POLYCHR","descriptive","mean",1
"Placebo","BASE","POLYCHR","descriptive","sd",0
"Placebo","BASE","POLYCHR","descriptive","median",1
"Placebo","BASE","POLYCHR","descriptive","min",1
"Placebo","BASE","POLYCHR","descriptive","max",1
"Placebo","BASE","PROT","descriptive","N",733
"Placebo","BASE","PROT","descriptive","mean",70.5156889495225
"Placebo","BASE","PROT","descriptive","sd",4.19651650638495
"Placebo","BASE","PROT","descriptive","median",70
"Placebo","BASE","PROT","descriptive","min",61
"Placebo","BASE","PROT","descriptive","max",82
"Placebo","BASE","RBC","descriptive","N",726
"Placebo","BASE","RBC","descriptive","mean",4.51625344352617
"Placebo","BASE","RBC","descriptive","sd",0.415971168374877
"Placebo","BASE","RBC","descriptive","median",4.5
"Placebo","BASE","RBC","descriptive","min",3.3
"Placebo","BASE","RBC","descriptive","max",5.3
"Placebo","BASE","SODIUM","descriptive","N",731
"Placebo","BASE","SODIUM","descriptive","mean",140.34610123119
"Placebo","BASE","SODIUM","descriptive","sd",2.78238992287007
"Placebo","BASE","SODIUM","descriptive","median",140
"Placebo","BASE","SODIUM","descriptive","min",130
"Placebo","BASE","SODIUM","descriptive","max",147
"Placebo","BASE","SPGRAV","descriptive","N",337
"Placebo","BASE","SPGRAV","descriptive","mean",1.01856973293769
"Placebo","BASE","SPGRAV","descriptive","sd",0.00666650549119851
"Placebo","BASE","SPGRAV","descriptive","median",1.019
"Placebo","BASE","SPGRAV","descriptive","min",1.003
"Placebo","BASE","SPGRAV","descriptive","max",1.034
"Placebo","BASE","URATE","descriptive","N",733
"Placebo","BASE","URATE","descriptive","mean",287.630024556617
"Placebo","BASE","URATE","descriptive","sd",73.6233779742055
"Placebo","BASE","URATE","descriptive","median",279.556
"Placebo","BASE","URATE","descriptive","min",136.804
"Placebo","BASE","URATE","descriptive","max",469.892
"Placebo","BASE","WBC","descriptive","N",726
"Placebo","BASE","WBC","descriptive","mean",6.79480716253444
"Placebo","BASE","WBC","descriptive","sd",1.64423537328523
"Placebo","BASE","WBC","descriptive","median",6.56
"Placebo","BASE","WBC","descriptive","min",3.99
"Placebo","BASE","WBC","descriptive","max",13.78
"Placebo","AVAL","ALB","descriptive","N",727
"Placebo","AVAL","ALB","descriptive","mean",39.4511691884457
"Placebo","AVAL","ALB","descriptive","sd",3.15617731483605
"Placebo","AVAL","ALB","descriptive","median",39
"Placebo","AVAL","ALB","descriptive","min",26
"Placebo","AVAL","ALB","descriptive","max",49
"Placebo","AVAL","ALP","descriptive","N",732
"Placebo","AVAL","ALP","descriptive","mean",75.7035519125683
"Placebo","AVAL","ALP","descriptive","sd",57.5345333849707
"Placebo","AVAL","ALP","descriptive","median",67
"Placebo","AVAL","ALP","descriptive","min",28
"Placebo","AVAL","ALP","descriptive","max",686
"Placebo","AVAL","ALT","descriptive","N",727
"Placebo","AVAL","ALT","descriptive","mean",17.2035763411279
"Placebo","AVAL","ALT","descriptive","sd",9.92505460716727
"Placebo","AVAL","ALT","descriptive","median",15
"Placebo","AVAL","ALT","descriptive","min",3
"Placebo","AVAL","ALT","descriptive","max",124
"Placebo","AVAL","AST","descriptive","N",727
"Placebo","AVAL","AST","descriptive","mean",22.837689133425
"Placebo","AVAL","AST","descriptive","sd",10.1580382016945
"Placebo","AVAL","AST","descriptive","median",21
"Placebo","AVAL","AST","descriptive","min",9
"Placebo","AVAL","AST","descriptive","max",168
"Placebo","AVAL","BASO","descriptive","N",726
"Placebo","AVAL","BASO","descriptive","mean",0.0453856749311295
"Placebo","AVAL","BASO","descriptive","sd",0.0268647188454912
"Placebo","AVAL","BASO","descriptive","median",0.04
"Placebo","AVAL","BASO","descriptive","min",0
"Placebo","AVAL","BASO","descriptive","max",0.23
"Placebo","AVAL","BILI","descriptive","N",727
"Placebo","AVAL","BILI","descriptive","mean",10.0083218707015
"Placebo","AVAL","BILI","descriptive","sd",6.53564253542083
"Placebo","AVAL","BILI","descriptive","median",8.55
"Placebo","AVAL","BILI","descriptive","min",3.42
"Placebo","AVAL","BILI","descriptive","max",116.28
"Placebo","AVAL","BUN","descriptive","N",733
"Placebo","AVAL","BUN","descriptive","mean",5.83375989085948
"Placebo","AVAL","BUN","descriptive","sd",1.49732314323739
"Placebo","AVAL","BUN","descriptive","median",5.712
"Placebo","AVAL","BUN","descriptive","min",2.499
"Placebo","AVAL","BUN","descriptive","max",10.71
"Placebo","AVAL","CA","descriptive","N",733
"Placebo","AVAL","CA","descriptive","mean",2.2854948840382
"Placebo","AVAL","CA","descriptive","sd",0.09226152402819
"Placebo","AVAL","CA","descriptive","median",2.2954
"Placebo","AVAL","CA","descriptive","min",2.02095
"Placebo","AVAL","CA","descriptive","max",2.6447
"Placebo","AVAL","CHOL","descriptive","N",733
"Placebo","AVAL","CHOL","descriptive","mean",5.55704234652115
"Placebo","AVAL","CHOL","descriptive","sd",0.976442521980223
"Placebo","AVAL","CHOL","descriptive","median",5.48232
"Placebo","AVAL","CHOL","descriptive","min",3.02562
"Placebo","AVAL","CHOL","descriptive","max",10.26642
"Placebo","AVAL","CK","descriptive","N",727
"Placebo","AVAL","CK","descriptive","mean",95.7950481430536
"Placebo","AVAL","CK","descriptive","sd",87.1312494521496
"Placebo","AVAL","CK","descriptive","median",80
"Placebo","AVAL","CK","descriptive","min",20
"Placebo","AVAL","CK","descriptive","max",1556
"Placebo","AVAL","CL","descriptive","N",731
"Placebo","AVAL","CL","descriptive","mean",105.753761969904
"Placebo","AVAL","CL","descriptive","sd",3.24051347922169
"Placebo","AVAL","CL","descriptive","median",106
"Placebo","AVAL","CL","descriptive","min",95
"Placebo","AVAL","CL","descriptive","max",115
"Placebo","AVAL","CREAT","descriptive","N",733
"Placebo","AVAL","CREAT","descriptive","mean",99.5555252387449
"Placebo","AVAL","CREAT","descriptive","sd",17.4664905609989
"Placebo","AVAL","CREAT","descriptive","median",97.24
"Placebo","AVAL","CREAT","descriptive","min",61.88
"Placebo","AVAL","CREAT","descriptive","max",176.8
"Placebo","AVAL","EOS","descriptive","N",726
"Placebo","AVAL","EOS","descriptive","mean",0.123498622589532
"Placebo","AVAL","EOS","descriptive","sd",0.10271429070651
"Placebo","AVAL","EOS","descriptive","median",0.09
"Placebo","AVAL","EOS","descriptive","min",0
"Placebo","AVAL","EOS","descriptive","max",0.65
"Placebo","AVAL","GGT","descriptive","N",733
"Placebo","AVAL","GGT","descriptive","mean",22.6261937244202
"Placebo","AVAL","GGT","descriptive","sd",35.6828312997093
"Placebo","AVAL","GGT","descriptive","median",16
"Placebo","AVAL","GGT","descriptive","min",5
"Placebo","AVAL","GGT","descriptive","max",481
"Placebo","AVAL","GLUC","descriptive","N",727
"Placebo","AVAL","GLUC","descriptive","mean",5.64888696011004
"Placebo","AVAL","GLUC","descriptive","sd",1.73252193936553
"Placebo","AVAL","GLUC","descriptive","median",5.27345
"Placebo","AVAL","GLUC","descriptive","min",2.99754
"Placebo","AVAL","GLUC","descriptive","max",20.09462
"Placebo","AVAL","HCT","descriptive","N",720
"Placebo","AVAL","HCT","descriptive","mean",0.416194444444444
"Placebo","AVAL","HCT","descriptive","sd",0.0379622236975611
"Placebo","AVAL","HCT","descriptive","median",0.41
"Placebo","AVAL","HCT","descriptive","min",0.3
"Placebo","AVAL","HCT","descriptive","max",0.54
"Placebo","AVAL","HGB","descriptive","N",726
"Placebo","AVAL","HGB","descriptive","mean",8.42656834710744
"Placebo","AVAL","HGB","descriptive","sd",0.786869957108207
"Placebo","AVAL","HGB","descriptive","median",8.3781
"Placebo","AVAL","HGB","descriptive","min",6.26806
"Placebo","AVAL","HGB","descriptive","max",10.61226
"Placebo","AVAL","K","descriptive","N",730
"Placebo","AVAL","K","descriptive","mean",4.2358904109589
"Placebo","AVAL","K","descriptive","sd",0.396209182590244
"Placebo","AVAL","K","descriptive","median",4.2
"Placebo","AVAL","K","descriptive","min",3.2
"Placebo","AVAL","K","descriptive","max",5.9
"Placebo","AVAL","LYM","descriptive","N",726
"Placebo","AVAL","LYM","descriptive","mean",1.74249311294766
"Placebo","AVAL","LYM","descriptive","sd",0.572132836595772
"Placebo","AVAL","LYM","descriptive","median",1.68
"Placebo","AVAL","LYM","descriptive","min",0.46
"Placebo","AVAL","LYM","descriptive","max",4.86
"Placebo","AVAL","MCH","descriptive","N",726
"Placebo","AVAL","MCH","descriptive","mean",1.90522490358127
"Placebo","AVAL","MCH","descriptive","sd",0.116766101865008
"Placebo","AVAL","MCH","descriptive","median",1.92386
"Placebo","AVAL","MCH","descriptive","min",1.67562
"Placebo","AVAL","MCH","descriptive","max",2.29622
"Placebo","AVAL","MCHC","descriptive","N",720
"Placebo","AVAL","MCHC","descriptive","mean",20.3125827777778
"Placebo","AVAL","MCHC","descriptive","sd",0.802992460077187
"Placebo","AVAL","MCHC","descriptive","median",20.4798
"Placebo","AVAL","MCHC","descriptive","min",17.9974
"Placebo","AVAL","MCHC","descriptive","max",23.5828
"Placebo","AVAL","MCV","descriptive","N",720
"Placebo","AVAL","MCV","descriptive","mean",93.9875
"Placebo","AVAL","MCV","descriptive","sd",5.80500090145772
"Placebo","AVAL","MCV","descriptive","median",94
"Placebo","AVAL","MCV","descriptive","min",78
"Placebo","AVAL","MCV","descriptive","max",112
"Placebo","AVAL","MONO","descriptive","N",726
"Placebo","AVAL","MONO","descriptive","mean",0.443429752066116
"Placebo","AVAL","MONO","descriptive","sd",0.14651049117363
"Placebo","AVAL","MONO","descriptive","median",0.43
"Placebo","AVAL","MONO","descriptive","min",0
"Placebo","AVAL","MONO","descriptive","max",1.15
"Placebo","AVAL","PH","descriptive","N",341
"Placebo","AVAL","PH","descriptive","mean",5.33724340175953
"Placebo","AVAL","PH","descriptive","sd",0.569357245439343
"Placebo","AVAL","PH","descriptive","median",5
"Placebo","AVAL","PH","descriptive","min",5
"Placebo","AVAL","PH","descriptive","max",8
"Placebo","AVAL","PHOS","descriptive","N",732
"Placebo","AVAL","PHOS","descriptive","mean",1.1535293715847
"Placebo","AVAL","PHOS","descriptive","sd",0.155194401965792
"Placebo","AVAL","PHOS","descriptive","median",1.16244
"Placebo","AVAL","PHOS","descriptive","min",0.54893
"Placebo","AVAL","PHOS","descriptive","max",1.71137
"Placebo","AVAL","PLAT","descriptive","N",722
"Placebo","AVAL","PLAT","descriptive","mean",245.747922437673
"Placebo","AVAL","PLAT","descriptive","sd",58.9154183668126
"Placebo","AVAL","PLAT","descriptive","median",242
"Placebo","AVAL","PLAT","descriptive","min",130
"Placebo","AVAL","PLAT","descriptive","max",515
"Placebo","AVAL","POLYCHR","descriptive","N",12
"Placebo","AVAL","POLYCHR","descriptive","mean",1
"Placebo","AVAL","POLYCHR","descriptive","sd",0
"Placebo","AVAL","POLYCHR","descriptive","median",1
"Placebo","AVAL","POLYCHR","descriptive","min",1
"Placebo","AVAL","POLYCHR","descriptive","max",1
"Placebo","AVAL","PROT","descriptive","N",733
"Placebo","AVAL","PROT","descriptive","mean",69.956343792633
"Placebo","AVAL","PROT","descriptive","sd",4.53411521926118
"Placebo","AVAL","PROT","descriptive","median",70
"Placebo","AVAL","PROT","descriptive","min",59
"Placebo","AVAL","PROT","descriptive","max",88
"Placebo","AVAL","RBC","descriptive","N",726
"Placebo","AVAL","RBC","descriptive","mean",4.44201101928375
"Placebo","AVAL","RBC","descriptive","sd",0.417725638241089
"Placebo","AVAL","RBC","descriptive","median",4.4
"Placebo","AVAL","RBC","descriptive","min",3.1
"Placebo","AVAL","RBC","descriptive","max",5.5
"Placebo","AVAL","SODIUM","descriptive","N",731
"Placebo","AVAL","SODIUM","descriptive","mean",140.808481532148
"Placebo","AVAL","SODIUM","descriptive","sd",2.63776249476105
"Placebo","AVAL","SODIUM","descriptive","median",141
"Placebo","AVAL","SODIUM","descriptive","min",129
"Placebo","AVAL","SODIUM","descriptive","max",149
"Placebo","AVAL","SPGRAV","descriptive","N",341
"Placebo","AVAL","SPGRAV","descriptive","mean",1.01917008797654
"Placebo","AVAL","SPGRAV","descriptive","sd",0.00669989791348055
"Placebo","AVAL","SPGRAV","descriptive","median",1.02
"Placebo","AVAL","SPGRAV","descriptive","min",1.003
"Placebo","AVAL","SPGRAV","descriptive","max",1.044
"Placebo","AVAL","URATE","descriptive","N",733
"Placebo","AVAL","URATE","descriptive","mean",288.051983628922
"Placebo","AVAL","URATE","descriptive","sd",70.0974465122711
"Placebo","AVAL","URATE","descriptive","median",285.504
"Placebo","AVAL","URATE","descriptive","min",130.856
"Placebo","AVAL","URATE","descriptive","max",481.788
"Placebo","AVAL","WBC","descriptive","N",726
"Placebo","AVAL","WBC","descriptive","mean",6.50362258953168
"Placebo","AVAL","WBC","descriptive","sd",1.59846071326374
"Placebo","AVAL","WBC","descriptive","median",6.375
"Placebo","AVAL","WBC","descriptive","min",3.08
"Placebo","AVAL","WBC","descriptive","max",14.01
"Placebo","CHG","ALB","descriptive","N",641
"Placebo","CHG","ALB","descriptive","mean",-0.37597503900156
"Placebo","CHG","ALB","descriptive","sd",2.58008902935073
"Placebo","CHG","ALB","descriptive","median",0
"Placebo","CHG","ALB","descriptive","min",-10
"Placebo","CHG","ALB","descriptive","max",8
"Placebo","CHG","ALP","descriptive","N",646
"Placebo","CHG","ALP","descriptive","mean",2.17647058823529
"Placebo","CHG","ALP","descriptive","sd",31.4048799435394
"Placebo","CHG","ALP","descriptive","median",0
"Placebo","CHG","ALP","descriptive","min",-44
"Placebo","CHG","ALP","descriptive","max",539
"Placebo","CHG","ALT","descriptive","N",641
"Placebo","CHG","ALT","descriptive","mean",-0.50390015600624
"Placebo","CHG","ALT","descriptive","sd",7.99435740944922
"Placebo","CHG","ALT","descriptive","median",-1
"Placebo","CHG","ALT","descriptive","min",-34
"Placebo","CHG","ALT","descriptive","max",111
"Placebo","CHG","AST","descriptive","N",641
"Placebo","CHG","AST","descriptive","mean",-0.513260530421217
"Placebo","CHG","AST","descriptive","sd",8.64762768096432
"Placebo","CHG","AST","descriptive","median",-1
"Placebo","CHG","AST","descriptive","min",-22
"Placebo","CHG","AST","descriptive","max",140
"Placebo","CHG","BASO","descriptive","N",640
"Placebo","CHG","BASO","descriptive","mean",-0.009171875
"Placebo","CHG","BASO","descriptive","sd",0.0311003498148686
"Placebo","CHG","BASO","descriptive","median",-0.01
"Placebo","CHG","BASO","descriptive","min",-0.15
"Placebo","CHG","BASO","descriptive","max",0.16
"Placebo","CHG","BILI","descriptive","N",641
"Placebo","CHG","BILI","descriptive","mean",0.322792511700468
"Placebo","CHG","BILI","descriptive","sd",5.47974259509001
"Placebo","CHG","BILI","descriptive","median",0
"Placebo","CHG","BILI","descriptive","min",-15.39
"Placebo","CHG","BILI","descriptive","max",90.63
"Placebo","CHG","BUN","descriptive","N",647
"Placebo","CHG","BUN","descriptive","mean",0.186500772797527
"Placebo","CHG","BUN","descriptive","sd",1.18731509934105
"Placebo","CHG","BUN","descriptive","median",0.356999999999999
"Placebo","CHG","BUN","descriptive","min",-3.57
"Placebo","CHG","BUN","descriptive","max",4.641
"Placebo","CHG","CA","descriptive","N",647
"Placebo","CHG","CA","descriptive","mean",-0.0220963678516229
"Placebo","CHG","CA","descriptive","sd",0.0927513210287409
"Placebo","CHG","CA","descriptive","median",-0.02495
"Placebo","CHG","CA","descriptive","min",-0.2495
"Placebo","CHG","CA","descriptive","max",0.27445
"Placebo","CHG","CHOL","descriptive","N",647
"Placebo","CHG","CHOL","descriptive","mean",-0.225305749613601
"Placebo","CHG","CHOL","descriptive","sd",0.570490438368862
"Placebo","CHG","CHOL","descriptive","median",-0.18102
"Placebo","CHG","CHOL","descriptive","min",-2.4567
"Placebo","CHG","CHOL","descriptive","max",1.65504
"Placebo","CHG","CK","descriptive","N",641
"Placebo","CHG","CK","descriptive","mean",8.86115444617785
"Placebo","CHG","CK","descriptive","sd",84.3108890018969
"Placebo","CHG","CK","descriptive","median",1
"Placebo","CHG","CK","descriptive","min",-164
"Placebo","CHG","CK","descriptive","max",1414
"Placebo","CHG","CL","descriptive","N",645
"Placebo","CHG","CL","descriptive","mean",0.282170542635659
"Placebo","CHG","CL","descriptive","sd",3.8743151992056
"Placebo","CHG","CL","descriptive","median",0
"Placebo","CHG","CL","descriptive","min",-10
"Placebo","CHG","CL","descriptive","max",14
"Placebo","CHG","CREAT","descriptive","N",647
"Placebo","CHG","CREAT","descriptive","mean",1.21601236476043
"Placebo","CHG","CREAT","descriptive","sd",10.5881241166433
"Placebo","CHG","CREAT","descriptive","median",0
"Placebo","CHG","CREAT","descriptive","min",-53.04
"Placebo","CHG","CREAT","descriptive","max",53.04
"Placebo","CHG","EOS","descriptive","N",640
"Placebo","CHG","EOS","descriptive","mean",-0.030515625
"Placebo","CHG","EOS","descriptive","sd",0.0994627968427909
"Placebo","CHG","EOS","descriptive","median",-0.02
"Placebo","CHG","EOS","descriptive","min",-0.44
"Placebo","CHG","EOS","descriptive","max",0.43
"Placebo","CHG","GGT","descriptive","N",647
"Placebo","CHG","GGT","descriptive","mean",-0.0834621329211746
"Placebo","CHG","GGT","descriptive","sd",6.15480041762846
"Placebo","CHG","GGT","descriptive","median",0
"Placebo","CHG","GGT","descriptive","min",-34
"Placebo","CHG","GGT","descriptive","max",67
"Placebo","CHG","GLUC","descriptive","N",641
"Placebo","CHG","GLUC","descriptive","mean",0.12522224648986
"Placebo","CHG","GLUC","descriptive","sd",1.46927607807317
"Placebo","CHG","GLUC","descriptive","median",0.0555099999999999
"Placebo","CHG","GLUC","descriptive","min",-9.21466
"Placebo","CHG","GLUC","descriptive","max",7.16079
"Placebo","CHG","HCT","descriptive","N",634
"Placebo","CHG","HCT","descriptive","mean",-0.000488958990536277
"Placebo","CHG","HCT","descriptive","sd",0.0282492970655303
"Placebo","CHG","HCT","descriptive","median",0
"Placebo","CHG","HCT","descriptive","min",-0.08
"Placebo","CHG","HCT","descriptive","max",0.08
"Placebo","CHG","HGB","descriptive","N",640
"Placebo","CHG","HGB","descriptive","mean",-0.1689195625
"Placebo","CHG","HGB","descriptive","sd",0.449714289763329
"Placebo","CHG","HGB","descriptive","median",-0.18618
"Placebo","CHG","HGB","descriptive","min",-1.79974
"Placebo","CHG","HGB","descriptive","max",1.42738
"Placebo","CHG","K","descriptive","N",644
"Placebo","CHG","K","descriptive","mean",0.014751552795031
"Placebo","CHG","K","descriptive","sd",0.418339047552055
"Placebo","CHG","K","descriptive","median",0
"Placebo","CHG","K","descriptive","min",-1.6
"Placebo","CHG","K","descriptive","max",1.3
"Placebo","CHG","LYM","descriptive","N",640
"Placebo","CHG","LYM","descriptive","mean",-0.03853125
"Placebo","CHG","LYM","descriptive","sd",0.421063597349046
"Placebo","CHG","LYM","descriptive","median",-0.02
"Placebo","CHG","LYM","descriptive","min",-1.55
"Placebo","CHG","LYM","descriptive","max",1.5
"Placebo","CHG","MCH","descriptive","N",640
"Placebo","CHG","MCH","descriptive","mean",-0.00281209375
"Placebo","CHG","MCH","descriptive","sd",0.05921144019323
"Placebo","CHG","MCH","descriptive","median",0
"Placebo","CHG","MCH","descriptive","min",-0.18618
"Placebo","CHG","MCH","descriptive","max",0.24824
"Placebo","CHG","MCHC","descriptive","N",634
"Placebo","CHG","MCHC","descriptive","mean",-0.369031861198738
"Placebo","CHG","MCHC","descriptive","sd",0.94148439728233
"Placebo","CHG","MCHC","descriptive","median",0
"Placebo","CHG","MCHC","descriptive","min",-3.7236
"Placebo","CHG","MCHC","descriptive","max",2.4824
"Placebo","CHG","MCV","descriptive","N",634
"Placebo","CHG","MCV","descriptive","mean",1.78706624605678
"Placebo","CHG","MCV","descriptive","sd",3.69967633254434
"Placebo","CHG","MCV","descriptive","median",2
"Placebo","CHG","MCV","descriptive","min",-8
"Placebo","CHG","MCV","descriptive","max",12
"Placebo","CHG","MONO","descriptive","N",640
"Placebo","CHG","MONO","descriptive","mean",0.013125
"Placebo","CHG","MONO","descriptive","sd",0.134612118827434
"Placebo","CHG","MONO","descriptive","median",0.02
"Placebo","CHG","MONO","descriptive","min",-0.4
"Placebo","CHG","MONO","descriptive","max",0.75
"Placebo","CHG","PH","descriptive","N",252
"Placebo","CHG","PH","descriptive","mean",0.0119047619047619
"Placebo","CHG","PH","descriptive","sd",0.780653229671891
"Placebo","CHG","PH","descriptive","median",0
"Placebo","CHG","PH","descriptive","min",-3
"Placebo","CHG","PH","descriptive","max",2
"Placebo","CHG","PHOS","descriptive","N",646
"Placebo","CHG","PHOS","descriptive","mean",0.0139956656346749
"Placebo","CHG","PHOS","descriptive","sd",0.165287394802868
"Placebo","CHG","PHOS","descriptive","median",0.0322899999999999
"Placebo","CHG","PHOS","descriptive","min",-0.6458
"Placebo","CHG","PHOS","descriptive","max",0.61351
"Placebo","CHG","PLAT","descriptive","N",637
"Placebo","CHG","PLAT","descriptive","mean",-7.82574568288854
"Placebo","CHG","PLAT","descriptive","sd",35.739704894262
"Placebo","CHG","PLAT","descriptive","median",-5
"Placebo","CHG","PLAT","descriptive","min",-155
"Placebo","CHG","PLAT","descriptive","max",149
"Placebo","CHG","POLYCHR","descriptive","N",3
"Placebo","CHG","POLYCHR","descriptive","mean",0
"Placebo","CHG","POLYCHR","descriptive","sd",0
"Placebo","CHG","POLYCHR","descriptive","median",0
"Placebo","CHG","POLYCHR","descriptive","min",0
"Placebo","CHG","POLYCHR","descriptive","max",0
"Placebo","CHG","PROT","descriptive","N",647
"Placebo","CHG","PROT","descriptive","mean",-0.633693972179289
"Placebo","CHG","PROT","descriptive","sd",4.08807551432773
"Placebo","CHG","PROT","descriptive","median",-1
"Placebo","CHG","PROT","descriptive","min",-14
"Placebo","CHG","PROT","descriptive","max",16
"Placebo","CHG","RBC","descriptive","N",640
"Placebo","CHG","RBC","descriptive","mean",-0.08421875
"Placebo","CHG","RBC","descriptive","sd",0.25160085068873
"Placebo","CHG","RBC","descriptive","median",-0.100000000000001
"Placebo","CHG","RBC","descriptive","min",-0.899999999999999
"Placebo","CHG","RBC","descriptive","max",0.7
"Placebo","CHG","SODIUM","descriptive","N",645
"Placebo","CHG","SODIUM","descriptive","mean",0.524031007751938
"Placebo","CHG","SODIUM","descriptive","sd",3.36470479895788
"Placebo","CHG","SODIUM","descriptive","median",1
"Placebo","CHG","SODIUM","descriptive","min",-9
"Placebo","CHG","SODIUM","descriptive","max",13
"Placebo","CHG","SPGRAV","descriptive","N",252
"Placebo","CHG","SPGRAV","descriptive","mean",0.000968253968253979
"Placebo","CHG","SPGRAV","descriptive","sd",0.00691719551205373
"Placebo","CHG","SPGRAV","descriptive","median",0
"Placebo","CHG","SPGRAV","descriptive","min",-0.016
"Placebo","CHG","SPGRAV","descriptive","max",0.0209999999999999
"Placebo","CHG","URATE","descriptive","N",647
"Placebo","CHG","URATE","descriptive","mean",0.478046367851624
"Placebo","CHG","URATE","descriptive","sd",39.3905407920808
"Placebo","CHG","URATE","descriptive","median",0
"Placebo","CHG","URATE","descriptive","min",-214.128
"Placebo","CHG","URATE","descriptive","max",166.544
"Placebo","CHG","WBC","descriptive","N",640
"Placebo","CHG","WBC","descriptive","mean",-0.3303125
"Placebo","CHG","WBC","descriptive","sd",1.18041181210876
"Placebo","CHG","WBC","descriptive","median",-0.31
"Placebo","CHG","WBC","descriptive","min",-3.73
"Placebo","CHG","WBC","descriptive","max",4.46
